<WLANProfile xmlns="http://www.microsoft.com/networking/WLAN/profile/v1"><name>WRIC</name><SSIDConfig><SSID><hex>57524943</hex><name>WRIC</name></SSID><nonBroadcast>false</nonBroadcast></SSIDConfig><connectionType>ESS</connectionType><connectionMode>auto</connectionMode><autoSwitch>true</autoSwitch><MSM><security><authEncryption><authentication>WPA2</authentication><encryption>AES</encryption><useOneX>true</useOneX><FIPSMode xmlns="http://www.microsoft.com/networking/WLAN/profile/v2">false</FIPSMode></authEncryption><PMKCacheMode>disabled</PMKCacheMode><OneX xmlns="http://www.microsoft.com/networking/OneX/v1"><cacheUserData>false</cacheUserData><maxAuthFailures>3</maxAuthFailures><authMode>machine</authMode><EAPConfig><EapHostConfig xmlns="http://www.microsoft.com/provisioning/EapHostConfig"><EapMethod><Type xmlns="http://www.microsoft.com/provisioning/EapCommon">13</Type><VendorId xmlns="http://www.microsoft.com/provisioning/EapCommon">0</VendorId><VendorType xmlns="http://www.microsoft.com/provisioning/EapCommon">0</VendorType><AuthorId xmlns="http://www.microsoft.com/provisioning/EapCommon">0</AuthorId></EapMethod><Config><Eap xmlns="http://www.microsoft.com/provisioning/BaseEapConnectionPropertiesV1"><Type>13</Type><EapType xmlns="http://www.microsoft.com/provisioning/EapTlsConnectionPropertiesV1"><CredentialsSource><CertificateStore><SimpleCertSelection>true</SimpleCertSelection></CertificateStore></CredentialsSource><ServerValidation><DisableUserPromptForServerValidation>false</DisableUserPromptForServerValidation><ServerNames></ServerNames><TrustedRootCA>994A40D20F122A968B8B0CBFB084D159CDD525C2</TrustedRootCA><TrustedRootCA>735A11EF1EB637E3DF2B0C6ABB478FA70DDE41C6</TrustedRootCA><TrustedRootCA>9910536164DF577ED877C15D0F125874675E0F20</TrustedRootCA></ServerValidation><DifferentUsername>false</DifferentUsername><PerformServerValidation xmlns="http://www.microsoft.com/provisioning/EapTlsConnectionPropertiesV2">true</PerformServerValidation><AcceptServerName xmlns="http://www.microsoft.com/provisioning/EapTlsConnectionPropertiesV2">false</AcceptServerName><TLSExtensions xmlns="http://www.microsoft.com/provisioning/EapTlsConnectionPropertiesV2"><FilteringInfo xmlns="http://www.microsoft.com/provisioning/EapTlsConnectionPropertiesV3"><AllPurposeEnabled>false</AllPurposeEnabled><CAHashList Enabled="true"><IssuerHash>9910536164DF577ED877C15D0F125874675E0F20</IssuerHash></CAHashList><EKUMapping><EKUMap><EKUName>Autenticação do Cliente</EKUName><EKUOID>1.3.6.1.5.5.7.3.2</EKUOID></EKUMap></EKUMapping><ClientAuthEKUList Enabled="true"><EKUMapInList><EKUName>Autenticação do Cliente</EKUName></EKUMapInList></ClientAuthEKUList></FilteringInfo></TLSExtensions></EapType></Eap></Config></EapHostConfig></EAPConfig></OneX></security></MSM></WLANProfile>
